"Technique","N.Centers","N.Tracts","Total.Jobs","Area.HA","Jobs.Share.MSA","Area.Share.MSA","Job.Density"
"Commuting Flows",35,383,2749623,341040.820604341,0.631287307020579,0.137674417071979,8.06244541379983
"Double Thresholds",11,45,1171669,21878.0369551927,0.269004066277266,0.00883192217033692,53.554576326918
"Density Peaks",4,4,332089,411.391944949801,0.076244478061595,0.000166074389888888,807.232625909878
"Positive Residuals",40,175,1815205,168949.471475003,0.416753815392252,0.0682030378613391,10.7440703078409
"Spatial Autocorrelation",26,288,1132636,26564.8468987802,0.260042460466239,0.0107239356418244,42.6366470063115
